Thiet bi,Epoch_mean_s,Epoch_std_s,Total_10ep_s,Inference_batch_ms,Inference_per_sample_us,Throughput_sps
CPU,1.2642498799996247,0.023605824924631386,12.642498799996247,35.82296000009592,60.40971332225281,16553.62929245412
GPU,0.13717087999975774,0.0028105970829116296,1.3717087999975774,9.116131999999197,15.37290387858212,65049.51880907957
